lat,lon,temp
58,0,6.295315280000011
58,1,6.295315280000011
58,2,6.079980019999994
58,3,6.322659440000052
58,4,4.490600720000032
58,5,4.422240320000014
58,6,4.275265460000014
58,7,4.275265460000014
58,8,3.9608076200000255
58,9,3.971061680000048
58,10,3.9949878200000057
58,11,3.9949878200000057
58,12,4.360715959999993
58,13,4.757206279999991
58,14,5.29383542000005
58,15,6.510650540000029
58,16,7.580490800000007
58,17,7.553146640000023
58,18,7.604416940000021
58,19,7.747973780000052
58,20,7.73771972000003
58,21,7.73771972000003
58,22,7.775317940000036
58,23,7.62492506000001
58,24,7.583908820000033
58,25,7.4266799000000105
58,26,7.4266799000000105
58,27,7.556564660000049
58,28,7.594162879999999
58,29,7.659105260000047
58,30,7.597580900000025
58,31,7.549728619999996
58,32,7.676195360000008
58,33,7.645433180000055
58,34,7.689867440000057
58,35,7.689867440000057
58,36,7.559982680000019
58,37,7.488204260000032
58,38,7.553146640000023
58,39,7.669359320000012
58,40,7.669359320000012
58,41,7.956473000000017
58,42,8.079521720000002
58,43,8.161554200000012
58,44,8.711855420000006
58,45,9.029731280000021
58,46,8.971624940000027
58,47,8.605896799999982
58,48,8.971624940000027
58,49,9.651810920000003
58,50,9.132271880000019
58,51,9.231394460000047
58,52,9.709917259999997
58,53,9.86714618000002
58,54,8.380307480000056
58,55,8.380307480000056
58,56,8.154718160000016
58,57,7.976981120000005
58,58,7.976981120000005
57,0,6.295315280000011
57,1,6.295315280000011
57,2,6.079980019999994
57,3,6.322659440000052
57,4,4.490600720000032
57,5,4.422240320000014
57,6,4.275265460000014
57,7,4.275265460000014
57,8,3.9608076200000255
57,9,3.971061680000048
57,10,3.9949878200000057
57,11,3.9949878200000057
57,12,4.360715959999993
57,13,4.757206279999991
57,14,5.29383542000005
57,15,6.510650540000029
57,16,7.580490800000007
57,17,7.553146640000023
57,18,7.604416940000021
57,19,7.747973780000052
57,20,7.8881125999999995
57,21,7.73771972000003
57,22,7.775317940000036
57,23,7.62492506000001
57,24,7.583908820000033
57,25,7.4266799000000105
57,26,7.4266799000000105
57,27,7.556564660000049
57,28,7.594162879999999
57,29,7.659105260000047
57,30,7.703378828042486
57,31,7.630090703913611
57,32,7.643267815502073
57,33,7.665700529084616
57,34,7.682203182424092
57,35,7.655907183721269
57,36,7.583898202502405
57,37,7.491649726234861
57,38,7.449811995733247
57,39,7.552314530981796
57,40,7.81800068161559
57,41,8.086346652762368
57,42,8.200421575667185
57,43,8.346276957873869
57,44,8.714558692820077
57,45,8.961824868492707
57,46,8.90519048286516
57,47,8.591480933313042
57,48,8.887127809134794
57,49,8.990669257696334
57,50,8.731839168476782
57,51,8.861707754629347
57,52,9.176601945999884
57,53,9.199546920071302
57,54,8.726203396602317
57,55,8.239904589160407
57,56,8.117897580579575
57,57,8.082939740000029
57,58,8.082939740000029
56,0,6.295315280000011
56,1,6.295315280000011
56,2,6.079980019999994
56,3,6.322659440000052
56,4,4.490600720000032
56,5,4.422240320000014
56,6,4.3436258600000315
56,7,4.275265460000014
56,8,3.9608076200000255
56,9,3.971061680000048
56,10,4.649956291127827
56,11,4.610062367117764
56,12,4.676062535416474
56,13,4.876795229141142
56,14,5.23032312837435
56,15,5.655122590094859
56,16,6.460350941715862
56,17,7.426053605709016
56,18,7.604044139475279
56,19,7.65716345731666
56,20,7.785716818229092
56,21,7.848437316990102
56,22,7.7957836427450005
56,23,7.739357690430908
56,24,7.697545843348151
56,25,7.488461298582882
56,26,7.437046819850773
56,27,7.652401013066003
56,28,7.750249636582077
56,29,7.756698887269149
56,30,7.667052319994589
56,31,7.583540866945501
56,32,7.650364812575372
56,33,7.667366815902801
56,34,7.680786275697843
56,35,7.707552388827759
56,36,7.628344566807986
56,37,7.4536080518763885
56,38,7.473336251536493
56,39,7.535626875784146
56,40,7.826769720681762
56,41,8.155718771550777
56,42,8.503520012289378
56,43,8.716179727320014
56,44,8.852870493412732
56,45,8.726648553272241
56,46,8.689829074392687
56,47,8.505030360277367
56,48,8.490368408556183
56,49,8.598878052625757
56,50,8.51072218149666
56,51,8.52792981508313
56,52,8.560650840466366
56,53,8.527719447123582
56,54,8.455583740813683
56,55,8.366933935249023
56,56,8.30580121882861
56,57,8.141046080000024
56,58,8.141046080000024
55,0,6.295315280000011
55,1,6.065178951398246
55,2,6.065768253929297
55,3,6.169456672351402
55,4,4.4762651924160775
55,5,4.4391169562763295
55,6,4.349909770151264
55,7,4.243848922610488
55,8,3.9499606030892216
55,9,3.852606034728147
55,10,3.8432928825823445
55,11,4.1055222573158225
55,12,4.409346803664439
55,13,4.6419614615062885
55,14,5.28922682356253
55,15,6.49747247174393
55,16,7.530611088055021
55,17,7.542763704913723
55,18,7.6550838186402395
55,19,7.719659833345344
55,20,7.780360362593555
55,21,7.900999824754612
55,22,7.750972428806272
55,23,7.665807661927975
55,24,7.7244702072650115
55,25,7.544325461383027
55,26,7.406406057870252
55,27,7.649210297671691
55,28,7.9302417712605
55,29,7.924273293072258
55,30,7.811202867242516
55,31,7.681573054551347
55,32,7.6984993635508685
55,33,7.788573638236375
55,34,7.836904490225084
55,35,7.8293393586843685
55,36,7.714798203510023
55,37,7.601095005539599
55,38,7.687933317190698
55,39,7.828075489935569
55,40,8.025503262951094
55,41,8.345383405271676
55,42,8.576605612455724
55,43,9.006393943212174
55,44,9.146804857498948
55,45,8.761521105575689
55,46,8.714654117524239
55,47,8.500086017194954
55,48,8.302674624883498
55,49,8.378281102826193
55,50,8.341608281205586
55,51,8.417909759500002
55,52,8.477098017673724
55,53,8.55220610992031
55,54,8.616605963371047
55,55,8.562565474145153
55,56,8.504862953363522
55,57,8.455503920000012
55,58,8.455503920000012
54,0,6.175684580000052
54,1,5.833217393721098
54,2,4.651903764707592
54,3,5.761941128578559
54,4,4.718112811606825
54,5,4.559970812555746
54,6,4.301298225002267
54,7,4.245666455023889
54,8,4.086585931513525
54,9,4.06890540894427
54,10,4.098163276082241
54,11,4.222172358782075
54,12,4.289118783573541
54,13,4.333793881130731
54,14,4.940432735851649
54,15,6.16337042134043
54,16,7.399478664497404
54,17,7.532807903696993
54,18,7.618191962325975
54,19,7.603851148782391
54,20,7.634144823846811
54,21,7.708829706975596
54,22,7.652181569392392
54,23,7.608941021075431
54,24,7.534973362054341
54,25,7.58819308137561
54,26,7.570589219179677
54,27,7.682106954488373
54,28,7.899649210650937
54,29,7.9048166095032375
54,30,7.833464402355772
54,31,7.820444361424412
54,32,7.957877073316752
54,33,8.011318428283658
54,34,8.28551300286905
54,35,8.1626278718188
54,36,7.840036021353208
54,37,7.706646675594886
54,38,7.904499673929102
54,39,8.147328484533803
54,40,8.377827377743511
54,41,8.495065685941778
54,42,8.67674734616114
54,43,9.103273977653972
54,44,9.426561467769243
54,45,8.88501409730635
54,46,8.648572020026617
54,47,8.585052006245158
54,48,8.47639136892167
54,49,8.340345871754112
54,50,8.317839072572275
54,51,8.485425416651172
54,52,8.737356076999875
54,53,9.533567552597983
54,54,9.581101555656065
54,55,9.279989885072421
54,56,8.858055871640811
54,57,8.978460980000023
54,58,8.585388680000051
53,0,5.105844320000017
53,1,5.096694545634254
53,2,4.893208681637393
53,3,4.872432165633679
53,4,5.733833783827627
53,5,4.506285306161274
53,6,4.381106093299807
53,7,4.540136335010535
53,8,4.587770936475998
53,9,4.6675951651853
53,10,4.716384089927923
53,11,4.743205336766981
53,12,4.867347881555314
53,13,5.06868623764216
53,14,5.824517455819362
53,15,7.078962773545231
53,16,7.64029038393977
53,17,7.727623542091255
53,18,7.7270195220811
53,19,7.745035320324679
53,20,7.517005020304804
53,21,7.606064382856752
53,22,7.585892496560875
53,23,7.518291001714681
53,24,7.452234652157646
53,25,7.5638194681534054
53,26,7.625623791986265
53,27,7.746873387645319
53,28,7.891659705820724
53,29,7.820648797308904
53,30,7.745155142346331
53,31,7.58844858722856
53,32,7.720296382859956
53,33,7.805604672379658
53,34,8.02544079582666
53,35,7.997645319477449
53,36,7.861360943776139
53,37,7.6912023809181065
53,38,7.801099597881018
53,39,8.11365183129532
53,40,8.57566548164738
53,41,8.614863647909488
53,42,8.451205268436443
53,43,8.545663486833623
53,44,8.783506167727166
53,45,8.685797772617033
53,46,8.47463790777171
53,47,8.504042566439995
53,48,8.65487510103118
53,49,8.478010024252075
53,50,8.494544164851416
53,51,8.514416137804249
53,52,9.118326782172842
53,53,10.857616352815915
53,54,11.250658648030907
53,55,10.631316810878058
53,56,9.676586655093454
53,57,9.282664759999989
53,58,9.282664759999989
52,0,5.464736420000008
52,1,5.558617158086258
52,2,5.5508427203266155
52,3,4.8271308701861155
52,4,4.8958384449743235
52,5,4.687967176120517
52,6,5.024466146535961
52,7,5.2293188488469315
52,8,5.454863737792739
52,9,5.56519455539063
52,10,5.615883550775524
52,11,5.671821883368115
52,12,5.8899997689623085
52,13,6.107576727611075
52,14,6.4811981837475505
52,15,7.16900342625133
52,16,7.4928584749807134
52,17,7.629198467388207
52,18,7.649301638030429
52,19,7.816155538027006
52,20,7.626079097469761
52,21,7.673801815336098
52,22,7.577270016864069
52,23,7.491883981970765
52,24,7.390689815338559
52,25,7.438318317119659
52,26,7.593038716481964
52,27,7.799888830924527
52,28,7.910711716697053
52,29,7.695690906107532
52,30,7.6092214429499965
52,31,7.491365165194619
52,32,7.6209484701763355
52,33,7.678868781241546
52,34,7.810700900669387
52,35,7.840664818180633
52,36,7.7503238261240845
52,37,7.537949071712822
52,38,7.628219526066419
52,39,7.912443896964774
52,40,8.375028574897529
52,41,8.503851700702128
52,42,8.321920087197494
52,43,8.30345232604971
52,44,8.410827055613385
52,45,8.491719814516097
52,46,8.502925988073626
52,47,8.495870996038324
52,48,8.647889576999168
52,49,8.571562035517518
52,50,8.592185335469674
52,51,8.649310312580653
52,52,9.30851972356498
52,53,11.310559097861299
52,54,11.665279704525506
52,55,10.904322059382313
52,56,10.006771852738787
52,57,9.521926160000021
52,58,9.521926160000021
51,0,6.2782251800000495
51,1,5.886490692264396
51,2,5.879356953727926
51,3,5.49998260495699
51,4,5.457334019710265
51,5,5.463143027856423
51,6,6.071486919417472
51,7,6.359664456073801
51,8,6.781967653417257
51,9,6.554412681777624
51,10,6.618713717382628
51,11,6.660175155307343
51,12,6.788182594225948
51,13,6.972950904291286
51,14,7.093877052977813
51,15,7.212020995755866
51,16,7.128592598733843
51,17,7.346400841013674
51,18,7.4405440177810505
51,19,7.605264726099401
51,20,7.625551035298743
51,21,7.615948254182821
51,22,7.507515578972699
51,23,7.4096630506863015
51,24,7.322302216729324
51,25,7.322565975649207
51,26,7.439466683301805
51,27,7.609185786921281
51,28,7.716483109726496
51,29,7.516125235290036
51,30,7.395077855890114
51,31,7.333772687132365
51,32,7.439822510464559
51,33,7.595110208236985
51,34,7.668548011365978
51,35,7.6981213557874675
51,36,7.680140098530771
51,37,7.486472323349823
51,38,7.607738592312853
51,39,7.839215286252409
51,40,8.136278376049226
51,41,8.315279083048877
51,42,8.25825585919744
51,43,8.116369427536728
51,44,8.09264421498544
51,45,8.365513697751911
51,46,8.69853298106821
51,47,8.942903279347817
51,48,8.876163562464518
51,49,8.807350198784759
51,50,8.703227305284582
51,51,8.93934281521058
51,52,9.472965922266173
51,53,10.4785552026813
51,54,10.644143680868119
51,55,10.113623893370567
51,56,9.546624632519336
51,57,9.265574660000027
51,58,9.265574660000027
50,0,6.558502820000058
50,1,7.535828649892549
50,2,8.687957041766309
50,3,6.653828216461601
50,4,6.772758453872912
50,5,6.710117372416336
50,6,6.429631601554032
50,7,6.772560043606305
50,8,7.238993668010086
50,9,6.991253519274287
50,10,6.905417782561798
50,11,6.831703313529321
50,12,6.967099267369356
50,13,7.069542862657869
50,14,7.082824829733394
50,15,7.109865123647365
50,16,7.034914959640552
50,17,7.2164720309373696
50,18,7.428472207253353
50,19,7.469409519530464
50,20,7.463697587449417
50,21,7.392668864124522
50,22,7.353241544417376
50,23,7.264985444862397
50,24,7.291263974912432
50,25,7.261605422814173
50,26,7.368237452267097
50,27,7.450012911350219
50,28,7.460706164688025
50,29,7.425333047083914
50,30,7.398657277277509
50,31,7.36130536066625
50,32,7.45852055114381
50,33,7.565124240246048
50,34,7.680397125267526
50,35,7.526735299671692
50,36,7.42431846597225
50,37,7.409601879019365
50,38,7.7521111308168305
50,39,7.978152918073263
50,40,8.064419060750154
50,41,8.083800810180039
50,42,8.04763739450933
50,43,7.989298135094697
50,44,8.007008176874471
50,45,8.330606277420145
50,46,8.763071708062325
50,47,9.439262440478474
50,48,9.332082693532113
50,49,9.14440296055247
50,50,8.836305294610861
50,51,9.077393464269882
50,52,9.396288727541009
50,53,9.50867000105338
50,54,9.458347106980524
50,55,9.27885841939245
50,56,8.904765536761175
50,57,8.657167100000038
50,58,8.657167100000038
49,0,5.888570899999991
49,1,6.175789708031141
49,2,6.9017565911353165
49,3,7.019081005025561
49,4,6.943770443856713
49,5,6.9963828280267055
49,6,6.451160210695274
49,7,6.689251521813764
49,8,6.975254695422343
49,9,6.790715139921497
49,10,6.649012746076898
49,11,6.605316035763662
49,12,6.707970596098564
49,13,6.876075170280057
49,14,6.952740538826232
49,15,7.01848226260382
49,16,7.056044741889224
49,17,7.151412933527688
49,18,7.334359783475751
49,19,7.285492159081287
49,20,7.354266058036849
49,21,7.283866771664213
49,22,7.37145724506054
49,23,7.3578748109130085
49,24,7.338196114706031
49,25,7.34598957982018
49,26,7.457224059587272
49,27,7.476323053488434
49,28,7.414638754962439
49,29,7.360350464652945
49,30,7.430559407508094
49,31,7.505242903386823
49,32,7.594902947587699
49,33,7.610465220290159
49,34,7.5932027556061215
49,35,7.483043671238415
49,36,7.394602244633179
49,37,7.477826678151148
49,38,7.74872413228935
49,39,7.924897290754831
49,40,7.924557297656522
49,41,7.949145168260052
49,42,8.002489323904165
49,43,8.030858245423689
49,44,8.132722498489244
49,45,8.35288631670604
49,46,8.705051370678277
49,47,9.289192040923137
49,48,9.138456423305891
49,49,9.023794586782056
49,50,8.759168074782307
49,51,8.96794996083921
49,52,9.209285914442152
49,53,9.401563731839284
49,54,9.309980250421095
49,55,9.174225924593596
49,56,8.912806080558962
49,57,8.64007700000002
49,58,8.64007700000002
48,0,5.52626078000003
48,1,5.673366621964831
48,2,6.270550300059583
48,3,6.484110798961392
48,4,6.628427117566595
48,5,7.108688881555933
48,6,7.768764929668026
48,7,8.49637208349063
48,8,6.913528479594382
48,9,6.316633864114049
48,10,6.240040376234672
48,11,6.292076982752526
48,12,6.495657088975073
48,13,6.724367602772755
48,14,6.839765896991652
48,15,6.933566079507415
48,16,7.047674614578261
48,17,7.057215584576944
48,18,7.1520619810072095
48,19,6.959581396781689
48,20,7.000434980756543
48,21,7.041858812180016
48,22,7.409116018260053
48,23,7.358421136399867
48,24,7.274220260395222
48,25,7.337814979384831
48,26,7.386791389815088
48,27,7.448680070477119
48,28,7.412724387570087
48,29,7.364465444038498
48,30,7.352919518555083
48,31,7.474452798902569
48,32,7.656454346372573
48,33,7.654308326119287
48,34,7.579836275602949
48,35,7.447611481515582
48,36,7.456675309776456
48,37,7.630933178152911
48,38,7.589771530548205
48,39,7.7067891703600795
48,40,7.705861303833158
48,41,7.849806001223248
48,42,7.955691848338015
48,43,8.036618243291112
48,44,8.172141648815844
48,45,8.377647639860935
48,46,8.545312048948476
48,47,8.803172685210777
48,48,8.684673501184008
48,49,8.63482924187839
48,50,8.478501822076478
48,51,8.71173470894868
48,52,8.84965365288803
48,53,9.1088921592806
48,54,9.430417158472856
48,55,9.338816166914025
48,56,9.034421272991802
48,57,8.875920380000025
48,58,8.875920380000025
47,0,5.314343539999982
47,1,5.360275341532434
47,2,5.805540040850969
47,3,6.065368729886181
47,4,6.487314151686178
47,5,7.109738718260762
47,6,7.905521760915026
47,7,7.882417891960617
47,8,7.279376629974503
47,9,6.350588978937493
47,10,6.1127134255144915
47,11,6.2055544957636535
47,12,6.382276509783448
47,13,6.598052006561916
47,14,6.74893644912984
47,15,6.85784889116532
47,16,6.955235520200566
47,17,7.016249079133249
47,18,7.128292470691184
47,19,6.872423986945891
47,20,6.776667604611779
47,21,6.8399137694655385
47,22,7.08859285024648
47,23,7.172846842536135
47,24,7.226684972391668
47,25,7.284371038708725
47,26,7.325257022751302
47,27,7.378988707631208
47,28,7.375617242215421
47,29,7.3279285063510375
47,30,7.245103774651932
47,31,7.256423840488315
47,32,7.594359588596584
47,33,7.6682782522990385
47,34,7.646322987387403
47,35,7.54838902764973
47,36,7.630616018257962
47,37,7.709703103177832
47,38,7.549568040020275
47,39,7.512676559746282
47,40,7.632360505467425
47,41,7.760947714694135
47,42,7.936288190441206
47,43,8.02745821073834
47,44,8.166797923811314
47,45,8.370587653989965
47,46,8.474343267055973
47,47,8.563817375234
47,48,8.49898672004306
47,49,8.446186792651266
47,50,8.319825239254653
47,51,8.470348264689758
47,52,8.575856900169292
47,53,8.775612303143255
47,54,9.343384849526299
47,55,9.485229843064795
47,56,9.07685828670097
47,57,8.810977999999977
47,58,8.810977999999977
46,0,5.057992040000045
46,1,5.096322583049662
46,2,5.561367617098562
46,3,6.080895827483719
46,4,6.346836124814498
46,5,7.309900636469063
46,6,7.718210878122763
46,7,7.794429195303772
46,8,7.248324185378944
46,9,6.42227303338375
46,10,6.222055272591357
46,11,6.349790881825244
46,12,6.467750570159089
46,13,6.52169928327905
46,14,6.594609306809335
46,15,6.619286619601722
46,16,6.63429525351881
46,17,6.730849476784532
46,18,6.965439498731477
46,19,6.908739435803141
46,20,6.737483985237443
46,21,6.584389491384797
46,22,6.7551724256651005
46,23,6.926045176718588
46,24,7.016129305293046
46,25,7.202374823485569
46,26,7.260590419305463
46,27,7.353695585301613
46,28,7.312850411165513
46,29,7.189117232423101
46,30,7.137787368053667
46,31,7.158096295224135
46,32,7.526759986946132
46,33,7.644166219793034
46,34,7.675630269486789
46,35,7.694609368483801
46,36,7.782893086165265
46,37,7.784852925018973
46,38,7.679403013486358
46,39,7.6609906242012205
46,40,7.804172605004434
46,41,7.923486534701791
46,42,7.98802016066689
46,43,8.109733381795467
46,44,8.224125402549632
46,45,8.275451564212926
46,46,8.318786895318752
46,47,8.437328241448295
46,48,8.469515906193854
46,49,8.406133570678756
46,50,8.313155941386745
46,51,8.318049300617691
46,52,8.465362805571328
46,53,8.708953997971777
46,54,9.245729168893902
46,55,9.297079329841909
46,56,8.92068092933337
46,57,7.99531195829238
46,58,8.578552639999998
45,0,4.914435200000014
45,1,5.1482889811323655
45,2,5.58237654173702
45,3,6.196268216831384
45,4,6.585336181509252
45,5,7.513027298286534
45,6,7.715967636906681
45,7,7.668138629613468
45,8,7.357984615495866
45,9,6.958262373293078
45,10,6.675654035128348
45,11,6.567590499615976
45,12,6.635159217038388
45,13,6.612584960966214
45,14,6.623801250541957
45,15,6.516657080656013
45,16,6.418927977460186
45,17,6.416597421853044
45,18,6.71744503887377
45,19,6.7967182683116345
45,20,6.543695342587637
45,21,6.563493698964905
45,22,6.754862674737616
45,23,6.93255112626051
45,24,6.831093944212352
45,25,7.107343447508702
45,26,7.2522729671436865
45,27,7.322297950611421
45,28,7.311999888316841
45,29,7.230697882730743
45,30,7.250124567973745
45,31,7.3536758562828854
45,32,7.509166642288642
45,33,7.637180829734395
45,34,7.794617120005001
45,35,8.008314823381363
45,36,8.083343777457557
45,37,7.991424877973342
45,38,7.983369102608872
45,39,8.064261656302385
45,40,8.23598539065669
45,41,8.31057353559516
45,42,8.314766758306634
45,43,8.30212802830292
45,44,8.198753585582658
45,45,8.064992595734871
45,46,8.129642069362902
45,47,8.266128888905179
45,48,8.385804270294162
45,49,8.310338724422461
45,50,8.268909193887295
45,51,8.174093926827247
45,52,8.285013686890895
45,53,8.404581472042532
45,54,8.500898680066907
45,55,8.493507454299518
45,56,8.334395214998201
45,57,7.957462798517347
45,58,8.164972219999981
44,0,4.770878359999983
44,1,5.3901419094411755
44,2,6.30135177471028
44,3,6.8415896503621365
44,4,7.068643986125343
44,5,7.515223041161536
44,6,7.41269660052529
44,7,7.204284138742008
44,8,7.510834326039109
44,9,7.623758101508894
44,10,7.778361988127306
44,11,6.8776107349920625
44,12,6.707557239833105
44,13,6.5571300430882715
44,14,6.536082540840116
44,15,6.4851457933153505
44,16,6.344314368666352
44,17,6.3541617322739175
44,18,6.47373321173327
44,19,6.574902937634931
44,20,6.3628548320000915
44,21,6.546199605700142
44,22,6.78410873132018
44,23,6.84875769971186
44,24,6.793133734772967
44,25,7.011258040395173
44,26,7.196774250630427
44,27,7.31227581632127
44,28,7.355891368686095
44,29,7.258724843157269
44,30,7.308304235542006
44,31,7.384654758810098
44,32,7.534979354018613
44,33,7.655732882539758
44,34,7.844440426738816
44,35,7.976019247741915
44,36,8.075789466957486
44,37,8.114134771816268
44,38,8.049783683925142
44,39,8.112006646502028
44,40,8.339071599432852
44,41,8.369819831634398
44,42,8.3935865264362
44,43,8.313761468968863
44,44,8.172767004217732
44,45,8.090526719810141
44,46,8.15987530738258
44,47,8.216870340678321
44,48,8.249208220353772
44,49,8.255916490766099
44,50,8.119794788605974
44,51,8.079121503227354
44,52,8.152043729782951
44,53,8.23367630169566
44,54,8.262072404872308
44,55,8.25088664863074
44,56,8.170000008473615
44,57,8.003409942965515
44,58,8.11711994000001
43,0,6.551666780000005
43,1,6.724214303360572
43,2,7.317864690169776
43,3,7.754493302306775
43,4,7.825595043005344
43,5,7.580930018226482
43,6,7.443959504272456
43,7,7.095386613772205
43,8,7.349033521817184
43,9,7.630567615556439
43,10,7.955249318888041
43,11,8.114653918372552
43,12,6.845337673712681
43,13,6.4898171600939065
43,14,6.305879448443044
43,15,6.2020842057242715
43,16,6.1345057004174794
43,17,6.1730266152629625
43,18,6.236940523743973
43,19,6.27975827596694
43,20,6.2558910028861785
43,21,6.435481249778534
43,22,6.607210828107407
43,23,6.6223596200668435
43,24,6.751259101604544
43,25,6.973463293697957
43,26,7.147375474640468
43,27,7.2569992178311145
43,28,7.340070412363785
43,29,7.30494394648112
43,30,7.406467609912539
43,31,7.5337259358417255
43,32,7.716049026971615
43,33,7.8004448298132925
43,34,7.756788452545264
43,35,7.7236557043951235
43,36,7.814885741357946
43,37,7.966656199074372
43,38,7.900079284159245
43,39,7.946943906019339
43,40,8.170419623979154
43,41,8.157891900666444
43,42,8.092367937060388
43,43,8.123703700042478
43,44,8.048671418715562
43,45,7.981700918061363
43,46,8.066236822237704
43,47,8.144682396223734
43,48,8.084268827609069
43,49,8.078680621192342
43,50,8.075876366967629
43,51,8.015597244772895
43,52,8.038163992020756
43,53,8.26334030360211
43,54,8.309295326694938
43,55,8.346306341150502
43,56,8.30491842836377
43,57,8.12069379410677
43,58,8.281184900000028
42,0,6.937903040000037
42,1,7.140617757182153
42,2,7.60369838838375
42,3,7.881988946519314
42,4,7.840040038991705
42,5,7.482834110972995
42,6,7.3513939734341145
42,7,6.805472263094011
42,8,7.08084959952397
42,9,7.483810566512853
42,10,7.796391658685057
42,11,7.941012282299933
42,12,6.91530624644891
42,13,6.3093346415801905
42,14,6.112736913292528
42,15,5.958425800572079
42,16,5.897507940802051
42,17,5.910733334733665
42,18,5.959315999854038
42,19,6.061975313731165
42,20,6.191735075483414
42,21,6.288789198512075
42,22,6.494801323351277
42,23,6.506095755310692
42,24,6.735116982599063
42,25,6.9567203841437175
42,26,7.181902119995071
42,27,7.3097809898557395
42,28,7.331526052364798
42,29,7.323164373788476
42,30,7.458767136646459
42,31,7.706011569978434
42,32,7.745455305505162
42,33,7.765265189541565
42,34,7.653280938977202
42,35,7.604327538984861
42,36,7.724446262537156
42,37,7.786516072243417
42,38,7.743658225045279
42,39,7.7926509934477455
42,40,7.9697121414115095
42,41,8.027200448654858
42,42,7.955318441240972
42,43,7.984531324046639
42,44,8.01580018670666
42,45,7.9961583992802225
42,46,8.015099575034792
42,47,8.096769543285204
42,48,8.104978943658844
42,49,8.072712712997681
42,50,7.995481955956244
42,51,7.954061546331896
42,52,7.9806241538815215
42,53,8.313616808623042
42,54,8.243247677105746
42,55,8.202603113573701
42,56,8.165034168672495
42,57,8.26977197969443
42,58,8.188898360000053
41,0,6.818272340000021
41,1,6.879884742155811
41,2,7.189375894998844
41,3,7.474288652555795
41,4,7.270694360131407
41,5,6.695931135122439
41,6,6.384116389532995
41,7,6.175462022116326
41,8,6.25889830490397
41,9,6.796591637053572
41,10,6.968359875703116
41,11,7.376377453641437
41,12,6.464215198638039
41,13,5.8358960691534705
41,14,5.66635792974431
41,15,5.571131552934547
41,16,5.55493781134687
41,17,5.544008130309698
41,18,5.60914970483488
41,19,5.816187693971664
41,20,6.0973247697654
41,21,6.123242583841517
41,22,6.460254965460543
41,23,6.447857896377724
41,24,6.805662053707137
41,25,6.963052388296734
41,26,7.159019592720072
41,27,7.25848910333107
41,28,7.401345760459979
41,29,7.472673809082244
41,30,7.610755803225867
41,31,7.800357727258108
41,32,7.799643735101113
41,33,7.720654886941259
41,34,7.593795601448189
41,35,7.675386645831194
41,36,7.782029790754437
41,37,7.795737502800288
41,38,7.793599741110461
41,39,7.813298373030988
41,40,7.869339303342809
41,41,8.060078155138342
41,42,8.019910662297299
41,43,8.02810340668411
41,44,8.007036278720356
41,45,7.958361172551431
41,46,7.971938997707501
41,47,8.14244815350236
41,48,8.25107199838438
41,49,8.132071045006015
41,50,7.9596239380397105
41,51,7.878904271197312
41,52,7.8895734326707
41,53,8.192414717191014
41,54,8.100571227816982
41,55,8.04853173607385
41,56,8.04970853222845
41,57,8.50280005993017
41,58,8.062431619999984
40,0,6.715731740000024
40,1,6.66113973445321
40,2,6.615951646351937
40,3,6.664079079709732
40,4,6.611113202315641
40,5,6.5041024168426755
40,6,6.451596043460914
40,7,6.195476224370079
40,8,6.117287051869287
40,9,6.308771088960021
40,10,6.4526432396985935
40,11,6.864344665565329
40,12,6.562475457709218
40,13,5.839379905396611
40,14,5.449143233927391
40,15,5.465769356135171
40,16,5.570218631473745
40,17,5.599641613079828
40,18,5.68632149113796
40,19,5.867397856991761
40,20,6.187523384438901
40,21,6.149934463540045
40,22,6.318840528176715
40,23,6.439098214928199
40,24,6.857040211214692
40,25,7.032345004242193
40,26,7.111056836680176
40,27,7.254031006628713
40,28,7.419996708252567
40,29,7.5342386734125935
40,30,7.685059028529156
40,31,7.848092918849396
40,32,7.845251203531539
40,33,7.710664594823855
40,34,7.654095150937861
40,35,7.752039152106818
40,36,7.85131863682614
40,37,7.72514209935178
40,38,7.705246984981193
40,39,7.742100306976293
40,40,7.803952542364228
40,41,7.907838209606551
40,42,7.881972677431811
40,43,7.856188033111932
40,44,7.862317332251183
40,45,7.852169337316709
40,46,7.93486953793059
40,47,8.163504502315519
40,48,8.355214461603506
40,49,8.18892387192556
40,50,7.879940731590152
40,51,7.889933383277332
40,52,7.917408672405587
40,53,7.995094868409096
40,54,8.054891752797097
40,55,8.003433967378413
40,56,8.06285570921625
40,57,8.4468181138005
40,58,8.11711994000001
39,0,6.57559292000002
39,1,6.5841156317796
39,2,6.60732499253834
39,3,6.464140149332122
39,4,6.348990212808401
39,5,6.284946633018199
39,6,6.395680632663149
39,7,6.167439815074963
39,8,6.025264323530347
39,9,6.163648288328928
39,10,6.298951562675586
39,11,6.523320411141484
39,12,6.639601567578018
39,13,6.40770175477876
39,14,6.113560528707158
39,15,5.525635760610129
39,16,5.649744283759282
39,17,5.671546147568024
39,18,5.765357216384848
39,19,5.909381679598427
39,20,6.141347412521394
39,21,6.204638478350869
39,22,6.38279330779616
39,23,6.615504560288873
39,24,6.8800226858824285
39,25,6.9713235138034815
39,26,6.963867334121129
39,27,7.156927229704825
39,28,7.363802225932757
39,29,7.550590016695128
39,30,7.675293769313348
39,31,7.809158737840569
39,32,7.779250555868564
39,33,7.668453488376926
39,34,7.633453442616123
39,35,7.700853439138605
39,36,7.76945272236383
39,37,7.58782242648477
39,38,7.581120469000666
39,39,7.660076038612599
39,40,7.677964113694314
39,41,7.730111875754237
39,42,7.7280982978863575
39,43,7.751824753357852
39,44,7.82642820693447
39,45,7.892329574138026
39,46,7.98474878603777
39,47,8.170672767736669
39,48,8.340475393887942
39,49,8.241902010817052
39,50,7.860639916684151
39,51,7.933521106102052
39,52,7.965331028872426
39,53,8.077519878087083
39,54,8.098856791910569
39,55,8.065008438916394
39,56,8.141572619619547
39,57,8.213148603531428
39,58,8.188898360000053
38,0,6.507232520000002
38,1,6.673327082561832
38,2,6.813620709323944
38,3,6.823724611778367
38,4,6.589717705694643
38,5,6.24203529846972
38,6,5.9332546941601105
38,7,5.889703624348602
38,8,5.8018988142443515
38,9,5.9259176215601865
38,10,6.037709289741204
38,11,6.208431105583383
38,12,6.389067863539281
38,13,6.514178318213964
38,14,6.746466177954869
38,15,6.960657185774018
38,16,5.789514277409658
38,17,5.727378566819938
38,18,5.851997944041379
38,19,6.129665522779231
38,20,6.316671652125773
38,21,6.427986663994236
38,22,6.563198790796602
38,23,6.824019670621347
38,24,6.850597065151936
38,25,6.995845727513755
38,26,7.00981293616005
38,27,7.219694141252332
38,28,7.375474108937995
38,29,7.5327429765122735
38,30,7.690680634852303
38,31,7.818513971619822
38,32,7.8538393563119
38,33,7.6782834660766754
38,34,7.550896023376753
38,35,7.487851231367649
38,36,7.474831054291854
38,37,7.511646048452569
38,38,7.599878424279947
38,39,7.673871015410265
38,40,7.759806947146602
38,41,7.713269050134058
38,42,7.674664249717058
38,43,7.774689856672662
38,44,7.9277867225219625
38,45,8.041157643484283
38,46,8.179027823869175
38,47,8.384913884626137
38,48,8.49093882925952
38,49,8.511501925414303
38,50,8.027797379744639
38,51,8.008222955176786
38,52,7.96002457169631
38,53,8.012545606441904
38,54,8.15747526821827
38,55,8.140666615685936
38,56,8.37546117055915
38,57,8.262839998705317
38,58,8.482848080000053
37,0,6.814854319999995
37,1,6.810698852364991
37,2,6.905837908225419
37,3,6.865715180355073
37,4,6.611287569920013
37,5,6.308639805891291
37,6,5.8350955882511375
37,7,5.732314560037053
37,8,5.856276101331492
37,9,6.006821880059672
37,10,6.134720392679061
37,11,6.208965196721282
37,12,6.471470750391489
37,13,6.459535738122946
37,14,6.583175999193994
37,15,6.868724999958763
37,16,7.0303440525271075
37,17,6.06306706071879
37,18,5.922736928746847
37,19,6.271675799299068
37,20,6.440816107128084
37,21,6.655734431838452
37,22,6.485017026191796
37,23,6.683033734031413
37,24,6.881744925860103
37,25,7.115536057408774
37,26,7.186589685790091
37,27,7.28110778526897
37,28,7.369634798024512
37,29,7.4655413541845
37,30,7.680669575375539
37,31,7.844300237881099
37,32,8.011193390349268
37,33,7.8324095097732895
37,34,7.562598746616205
37,35,7.500128837357269
37,36,7.475893310593518
37,37,7.590845043848735
37,38,7.698346324132446
37,39,7.716636137352193
37,40,7.667807573871922
37,41,7.67076343214462
37,42,7.668930705584598
37,43,7.76062063363635
37,44,7.984713005443803
37,45,8.149704226893334
37,46,8.338714264354174
37,47,8.589834492148874
37,48,8.889811478888811
37,49,8.89171402103837
37,50,8.298417563172642
37,51,8.165166304138648
37,52,8.227883116873905
37,53,8.214697369564423
37,54,8.206406635747328
37,55,8.201818349651216
37,56,8.305523146047854
37,57,8.015759139004432
37,58,8.363217380000037
36,0,7.218180680000046
36,1,7.0767901358012475
36,2,6.895931653991047
36,3,6.786765885409192
36,4,6.601607637095162
36,5,6.281260932291694
36,6,5.967785121716445
36,7,5.835168636801352
36,8,6.103632945411791
36,9,6.047108413814047
36,10,6.0989247572397325
36,11,6.262859863219782
36,12,6.567144424591819
36,13,6.582501880510197
36,14,6.577800989856254
36,15,6.726871171426136
36,16,6.9133261426123305
36,17,7.231551851113318
36,18,6.666854488571179
36,19,6.238837604584269
36,20,6.321704429461544
36,21,6.517504453068825
36,22,6.482287979618006
36,23,6.6843373860473445
36,24,7.032728158120833
36,25,7.050579744017168
36,26,7.069519667376224
36,27,7.205458457997873
36,28,7.422030994180867
36,29,7.500474315348789
36,30,7.7328018487514285
36,31,7.849721226299032
36,32,7.89221944176808
36,33,7.7831856546697455
36,34,7.557679604758544
36,35,7.50770875168065
36,36,7.490602832911795
36,37,7.526212562537932
36,38,7.618129679765829
36,39,7.591493020155606
36,40,7.56419730549392
36,41,7.551500571481326
36,42,7.6591025977455
36,43,7.8395734445444925
36,44,7.965385195303114
36,45,8.181246520840848
36,46,8.381367149959788
36,47,8.419437541881821
36,48,8.536133832792721
36,49,8.573850118580829
36,50,8.316582395559726
36,51,8.224233589337565
36,52,8.209845018815091
36,53,8.070391495164367
36,54,8.01770798304083
36,55,8.094324464331184
36,56,8.128807143743854
36,57,8.021976396821703
36,58,8.236750640000025
35,0,7.385663659999977
35,1,7.167561793762355
35,2,6.71476655532655
35,3,6.454069722476262
35,4,6.342656360820272
35,5,6.134979684248734
35,6,6.201317293278624
35,7,6.102952378612335
35,8,6.424390181116296
35,9,6.078859450414941
35,10,6.230705000669369
35,11,6.089744425821668
35,12,6.054241103015318
35,13,6.015337554786522
35,14,6.100388584247954
35,15,6.264220763870316
35,16,6.813643076669075
35,17,7.398675747266391
35,18,7.780240279479695
35,19,7.88313599421315
35,20,7.863572534261276
35,21,7.803779377120902
35,22,7.688099138820405
35,23,7.107999892028552
35,24,6.878950736312648
35,25,6.9780409115651585
35,26,6.955388040106661
35,27,7.002876800236442
35,28,7.400967580090422
35,29,7.5096888388900584
35,30,7.6681908926306965
35,31,7.735441994143478
35,32,7.688504375462481
35,33,7.600400564374223
35,34,7.427470564128443
35,35,7.405305048951714
35,36,7.50910917853367
35,37,7.520041207535336
35,38,7.699255739022783
35,39,7.681464204224705
35,40,7.650431852703379
35,41,7.665109860890069
35,42,7.7425432207156515
35,43,7.959810465744283
35,44,8.089351039328191
35,45,8.145459119849416
35,46,8.258228957870763
35,47,8.426061900906397
35,48,8.386854261619973
35,49,8.364217791358302
35,50,8.299858827235715
35,51,8.072087798432669
35,52,7.994631890053669
35,53,7.925976120343321
35,54,7.832150943027923
35,55,7.916437373522299
35,56,7.897303404371513
35,57,7.9771395613992775
35,58,7.912038740000014
34,0,7.389081680000004
34,1,7.163664423379215
34,2,6.75760811647085
34,3,6.466694593885236
34,4,6.385583706416572
34,5,6.143612082784125
34,6,6.103323491776202
34,7,6.03995109713772
34,8,6.127284143882621
34,9,5.923112489470039
34,10,6.037016103921717
34,11,5.99837569976269
34,12,5.96550104934512
34,13,5.964349632938794
34,14,6.009777134728367
34,15,6.261320440949323
34,16,6.632958244068757
34,17,7.2932931582838325
34,18,7.78047854714388
34,19,7.969526607333242
34,20,7.964145265565835
34,21,7.8582104276913185
34,22,7.835455030402304
34,23,7.448557932209899
34,24,6.700142277080257
34,25,6.821333426212464
34,26,6.898724533712938
34,27,7.01704040017695
34,28,7.368621053332478
34,29,7.474000433958482
34,30,7.548314949899568
34,31,7.6070470144753735
34,32,7.587294490613584
34,33,7.527527352132944
34,34,7.364594780160042
34,35,7.281337159098133
34,36,7.38200510212822
34,37,7.588237333266394
34,38,7.8519548947445745
34,39,7.945942465730875
34,40,7.926510209807962
34,41,7.824807886246246
34,42,7.892647139011858
34,43,8.076944700474199
34,44,8.12094001524446
34,45,8.151034667966652
34,46,8.176150060810048
34,47,8.230679539070913
34,48,8.295647915117618
34,49,8.368158718078252
34,50,8.1570219001132
34,51,7.8146727801302
34,52,7.743773604940367
34,53,7.820386700529735
34,54,7.809806455923515
34,55,7.87527933181933
34,56,7.859954425454748
34,57,8.050581526817366
34,58,7.925710820000006
33,0,7.259196920000022
33,1,7.014930986733265
33,2,6.796893882369152
33,3,6.573388202441562
33,4,6.467384896906102
33,5,6.284018078925264
33,6,6.278164436599177
33,7,6.044044945910391
33,8,5.988391229518035
33,9,6.09084819135998
33,10,6.0426506851922746
33,11,5.893006988374841
33,12,5.926474345401034
33,13,5.956658329355944
33,14,6.066322296317706
33,15,6.204084375980692
33,16,6.408768146143711
33,17,6.726281797365161
33,18,7.43604088690437
33,19,7.6349429643251945
33,20,7.76776936269563
33,21,7.409883923608992
33,22,7.739507464821825
33,23,7.575821005152567
33,24,7.633711919783497
33,25,6.566443577732223
33,26,6.64565799855089
33,27,6.938258007013384
33,28,7.0965706429557125
33,29,7.177957728575062
33,30,7.321956392672268
33,31,7.4994300002624925
33,32,7.52267879448433
33,33,7.372014211885936
33,34,7.177925667066786
33,35,7.152991327943078
33,36,7.301522822889185
33,37,7.601843947866868
33,38,8.037581657456656
33,39,8.38482133209183
33,40,8.301115216102046
33,41,8.009769887766547
33,42,7.967838394011316
33,43,8.020216845174263
33,44,7.9319276769496145
33,45,7.899555705190898
33,46,7.974980350988256
33,47,7.986727192680636
33,48,7.97874530666007
33,49,7.933819062219605
33,50,7.691181445155442
33,51,7.611902545823183
33,52,7.656691239458285
33,53,7.853692318061796
33,54,7.821244820961591
33,55,7.827464188971065
33,56,7.857314080407692
33,57,7.905155831229
33,58,7.925710820000006
32,0,7.125894140000014
32,1,6.936101969753203
32,2,6.7226214915801545
32,3,6.621875168367849
32,4,6.529581076084522
32,5,6.22457253918164
32,6,6.124692758458032
32,7,6.07839618722134
32,8,6.059752087161865
32,9,6.137265482300984
32,10,5.905183047675776
32,11,5.793945986494952
32,12,6.106594435755252
32,13,6.1680157803379805
32,14,6.314060875732686
32,15,6.234355101923985
32,16,6.2325415122507515
32,17,6.43969313752771
32,18,6.901236398602062
32,19,7.253647425418098
32,20,7.400437123401563
32,21,7.347687229862739
32,22,7.525580462074023
32,23,7.513796929355942
32,24,7.505710184678154
32,25,6.567885131293974
32,26,6.638970105072867
32,27,6.941442450242354
32,28,7.075535972074824
32,29,7.157416245092542
32,30,7.169223777534411
32,31,7.27776964960678
32,32,7.326817144796763
32,33,7.274368024687721
32,34,7.219716519645093
32,35,7.242406306426733
32,36,7.379513855086542
32,37,7.555311576696547
32,38,7.657285746234756
32,39,7.875137630609063
32,40,7.680410978883106
32,41,7.57943690190612
32,42,7.6469622084093904
32,43,7.802473746461763
32,44,7.772682033042074
32,45,7.7396615280426415
32,46,7.825751316159374
32,47,7.858334734898733
32,48,7.780811970990321
32,49,7.703710782916712
32,50,7.5851522166897825
32,51,7.548785626445676
32,52,7.65551591959089
32,53,7.765098776001402
32,54,7.779928249588419
32,55,7.799151273288996
32,56,7.986097271982254
32,57,8.030340844418241
32,58,8.06584964000001
31,0,7.173746420000043
31,1,6.949317710021784
31,2,6.638994568274962
31,3,6.46646300606286
31,4,6.4032136713900325
31,5,6.171899806029195
31,6,5.926658009744331
31,7,6.106363004598417
31,8,6.117732956623977
31,9,6.0114597004933525
31,10,5.811360518999387
31,11,5.656758280946347
31,12,6.128111812755458
31,13,6.225263408697093
31,14,6.282078651994023
31,15,6.26080078863791
31,16,6.270307383246282
31,17,6.503172060454808
31,18,6.929692186627239
31,19,7.30180126770062
31,20,7.372051166027211
31,21,7.3551567989393405
31,22,7.60057577234007
31,23,7.717451915607562
31,24,7.612024591351039
31,25,6.658586469793302
31,26,6.736477266792031
31,27,6.948032522082007
31,28,7.043331895870571
31,29,7.157947292595521
31,30,7.221299263913155
31,31,7.356609611337291
31,32,7.374735778427792
31,33,7.314617844461466
31,34,7.378020591722886
31,35,7.318775938349879
31,36,7.464097814597675
31,37,7.518893549493656
31,38,7.441334330718062
31,39,7.504721961685371
31,40,7.453581999630662
31,41,7.499735259626041
31,42,7.577683345519965
31,43,7.680664896705038
31,44,7.704114965143082
31,45,7.70255977188657
31,46,7.787157198846657
31,47,7.820933837946131
31,48,7.725893277668673
31,49,7.677776881022891
31,50,7.655749047674571
31,51,7.5848691148892655
31,52,7.703990176557636
31,53,7.76634702855234
31,54,7.846336840667494
31,55,7.821711676518614
31,56,7.95881804372933
31,57,8.057136127075841
31,58,8.079521720000002
30,0,7.454024060000052
30,1,7.083185191578892
30,2,6.738140129823297
30,3,6.5076790827355335
30,4,6.334464888688234
30,5,6.213849005381844
30,6,6.129397617403437
30,7,6.202045079420449
30,8,6.080808454047848
30,9,6.0597863817477595
30,10,5.955127796286772
30,11,5.622013615620193
30,12,5.952541707087603
30,13,6.107563034320559
30,14,6.281891983323974
30,15,6.365707000579185
30,16,6.438228425174841
30,17,6.654052280162942
30,18,6.997734880536632
30,19,7.231706351197365
30,20,7.274296710539131
30,21,7.382444404862021
30,22,7.608749001412599
30,23,7.803480259861952
30,24,7.636497006017548
30,25,6.69841411524162
30,26,6.783191214889115
30,27,7.034298520399662
30,28,7.096956109222132
30,29,7.175378494944256
30,30,7.318255359070288
30,31,7.4337607306666875
30,32,7.561696551700509
30,33,7.4620158247461
30,34,7.460655798280501
30,35,7.495716400616171
30,36,7.499447035427826
30,37,7.477695021408339
30,38,7.33500990142431
30,39,7.319298545293525
30,40,7.433134505310809
30,41,7.5054521925399875
30,42,7.606991277723758
30,43,7.6244820259805905
30,44,7.685838094230126
30,45,7.645914128438112
30,46,7.652890032924656
30,47,7.7646003641387535
30,48,7.779597576159902
30,49,7.776304203927962
30,50,7.771461830062266
30,51,7.695297310490322
30,52,7.718001429898941
30,53,7.770243040974109
30,54,7.952675279180238
30,55,7.953980108886689
30,56,7.995491895894544
30,57,8.069227202251044
30,58,8.052177560000018
29,0,7.351483460000054
29,1,7.095303096248854
29,2,6.751188337082829
29,3,6.547806861471412
29,4,6.355702886984836
29,5,6.172895328877066
29,6,6.130696652495879
29,7,6.145257147134577
29,8,6.099142520725929
29,9,6.124229273396727
29,10,6.080132029098054
29,11,5.595287095751954
29,12,5.728007526978141
29,13,5.971516383620416
29,14,6.336660670121542
29,15,6.499053476054126
29,16,6.518346575490934
29,17,6.770649413317665
29,18,7.149851631704896
29,19,7.3044783816457475
29,20,7.241726833593947
29,21,7.38512240273423
29,22,7.668230815343391
29,23,7.8669822268496326
29,24,7.7253794818206245
29,25,6.627604535384195
29,26,6.720333151749908
29,27,6.988402755462031
29,28,7.138865229882718
29,29,7.1929435986863535
29,30,7.357835018360479
29,31,7.522221934843136
29,32,7.61497613267831
29,33,7.559699843376969
29,34,7.485501677832649
29,35,7.437373520221218
29,36,7.428864528900402
29,37,7.45251889757495
29,38,7.408578395278077
29,39,7.4732164519063335
29,40,7.591898324095608
29,41,7.560587399873026
29,42,7.6755339646087855
29,43,7.6856285093018695
29,44,7.773374501930114
29,45,7.760883838846276
29,46,7.718981515989054
29,47,7.74418776195311
29,48,7.815170106008744
29,49,7.812772024525426
29,50,7.831293894189226
29,51,7.78367772693138
29,52,7.768683473306739
29,53,7.88594756594647
29,54,7.8988312532351435
29,55,7.883989474983558
29,56,7.984574816442475
29,57,8.173460774621873
29,58,8.236750640000025
28,0,7.823170220000009
28,1,7.733383964173942
28,2,7.370191589935271
28,3,7.112063921016646
28,4,6.92476256679689
28,5,6.654303849158493
28,6,6.458812992256797
28,7,6.419054468676142
28,8,6.235804185855709
28,9,5.754408256187411
28,10,5.857595052785456
28,11,5.917715951295213
28,12,5.966672794003555
28,13,6.195698267162806
28,14,6.76609003263095
28,15,6.898536901200894
28,16,6.85083519230349
28,17,6.859167068378527
28,18,7.085330977334527
28,19,7.297407868153053
28,20,7.306739903291134
28,21,7.444019395118284
28,22,7.7693433863205525
28,23,7.883975032188694
28,24,8.030115184583812
28,25,8.073601653424674
28,26,6.980635833391603
28,27,6.9767947608212015
28,28,7.176648539061405
28,29,7.186194176571262
28,30,7.3511653953222575
28,31,7.377865985020267
28,32,7.490679660357491
28,33,7.464407854387731
28,34,7.355895591910975
28,35,7.314741803532553
28,36,7.3149524224909985
28,37,7.396262209898636
28,38,7.50130912819678
28,39,7.57116228828746
28,40,7.59933807941526
28,41,7.602809991761445
28,42,7.65367079478673
28,43,7.6811275979987865
28,44,7.789402348164716
28,45,7.839891410554203
28,46,7.796094388147951
28,47,7.919906642935085
28,48,8.018333997947767
28,49,7.932412905600571
28,50,7.819950399908587
28,51,7.722889173756943
28,52,7.727712289482614
28,53,7.818455342480741
28,54,7.7936443537807065
28,55,7.799391155372251
28,56,7.925881573522848
28,57,8.122124578529299
28,58,8.185480340000026
27,0,8.014579340000012
27,1,8.07741171326468
27,2,7.927494135109397
27,3,7.677278279530249
27,4,7.336227277765557
27,5,6.854859176374669
27,6,6.547379078017924
27,7,6.569951093982397
27,8,6.538539047760363
27,9,6.595107209739471
27,10,6.563716258809355
27,11,6.314851641368442
27,12,6.667032913100737
27,13,6.646518805036187
27,14,6.714940433345366
27,15,6.75294058953126
27,16,6.85283615696232
27,17,7.033429115058837
27,18,7.1671869752402415
27,19,7.2829569814983826
27,20,7.27717056083156
27,21,7.253600639120281
27,22,7.46174117952575
27,23,7.608103091134671
27,24,8.012787532730483
27,25,8.07922985866018
27,26,8.607587541545051
27,27,7.242108957271135
27,28,7.089314697445564
27,29,7.086485455664155
27,30,7.296694504195765
27,31,7.374344109783237
27,32,7.409791865945027
27,33,7.3482339278153965
27,34,7.293463602531237
27,35,7.365855741785073
27,36,7.369490106606499
27,37,7.391156989573746
27,38,7.449422912693582
27,39,7.479857497582615
27,40,7.485403580250414
27,41,7.59739186213239
27,42,7.64270237363878
27,43,7.622468272561964
27,44,7.630554334601653
27,45,7.734409854605283
27,46,7.703807332510191
27,47,7.800896677057389
27,48,8.009920157586894
27,49,7.958882014514272
27,50,7.697797841325502
27,51,7.556087320577409
27,52,7.554273947054366
27,53,7.6086389832719705
27,54,7.629435108942939
27,55,7.692122399463251
27,56,7.81200252240971
27,57,7.953842145323433
27,58,7.901784679999992
26,0,8.274348860000032
26,1,8.180932588367824
26,2,7.8549979346856285
26,3,7.661077167004043
26,4,7.526824831287399
26,5,7.201727054259313
26,6,6.897343980026587
26,7,6.856467141633442
26,8,6.7732508596625
26,9,6.738679253864509
26,10,6.7078780583833515
26,11,6.51119623054576
26,12,6.610304992684483
26,13,6.72899170473495
26,14,6.805141463577907
26,15,6.886999989129544
26,16,7.0199073862963
26,17,7.125153398967004
26,18,7.202815165468162
26,19,7.315977170081197
26,20,7.310627077247947
26,21,7.205094380277806
26,22,7.435895437657122
26,23,7.547838955403355
26,24,7.999157794303603
26,25,7.998110428560506
26,26,8.357192258885847
26,27,8.402827902640695
26,28,7.259130089415192
26,29,7.058894818905613
26,30,7.197681489333356
26,31,7.425999433131301
26,32,7.444563927776018
26,33,7.424481952795958
26,34,7.424711854821001
26,35,7.478209840145665
26,36,7.376829220056752
26,37,7.3420649439828765
26,38,7.346691239295481
26,39,7.357776637768968
26,40,7.492893393370009
26,41,7.597584552492329
26,42,7.58624530916524
26,43,7.539628236264743
26,44,7.562982357296908
26,45,7.630511915225981
26,46,7.64311341591653
26,47,7.702481851214975
26,48,7.802959996207517
26,49,7.783581125808666
26,50,7.617120484805308
26,51,7.509612792104059
26,52,7.474600948871935
26,53,7.508377589824654
26,54,7.468016451193931
26,55,7.540954054924434
26,56,7.70446403020734
26,57,7.81758568315448
26,58,7.819752200000039
25,0,8.29485698000002
25,1,8.190611201373473
25,2,7.779943441161679
25,3,7.481459819209473
25,4,7.408918959305549
25,5,7.3320111970174375
25,6,7.239095754527089
25,7,7.18705016925189
25,8,7.035908851360357
25,9,7.017796805666354
25,10,6.964941183854011
25,11,6.920206060067381
25,12,6.791450331768439
25,13,6.861922247095478
25,14,6.8428219571258335
25,15,6.856343967774301
25,16,7.04776228319656
25,17,7.350439090135936
25,18,7.311559877200942
25,19,7.293775193372121
25,20,7.4331350292743625
25,21,7.3744794496919965
25,22,7.380921640030016
25,23,7.500466236922971
25,24,7.746709329898993
25,25,7.931125676695142
25,26,7.766637700390728
25,27,7.953073626806466
25,28,7.357918116525043
25,29,7.317074422700634
25,30,7.483183224487368
25,31,7.912245232489881
25,32,8.37946111125267
25,33,8.469930323733697
25,34,8.56918976512073
25,35,8.929301786003602
25,36,8.823086710889097
25,37,7.3400309905348555
25,38,7.266408055375078
25,39,7.304332599372492
25,40,7.371747132059644
25,41,7.5598943168859005
25,42,7.490654082541452
25,43,7.419398527957121
25,44,7.502693422216858
25,45,7.5485574268307545
25,46,7.641382199937614
25,47,7.584244220581949
25,48,7.465035962903547
25,49,7.448496457281131
25,50,7.469709205785242
25,51,7.53158613623227
25,52,7.530657005547944
25,53,7.487470264417244
25,54,7.414319536360277
25,55,7.4725336510243725
25,56,7.549410927728919
25,57,7.5993257459162376
25,58,7.594162879999999
24,0,8.164972219999981
24,1,8.110868744718088
24,2,7.691370142568501
24,3,7.425408870929708
24,4,7.359187580959721
24,5,7.393308056318462
24,6,7.371340862118778
24,7,7.293663326518354
24,8,7.1796132531524846
24,9,7.184090554031826
24,10,7.1804501043857405
24,11,7.311477757733373
24,12,7.182386184433396
24,13,7.10971506449992
24,14,7.065380095871104
24,15,6.842979946857531
24,16,6.882246998278049
24,17,7.131438907478149
24,18,7.238170181442795
24,19,7.250688642361492
24,20,7.362833997023344
24,21,7.450301481215388
24,22,7.552792852335377
24,23,7.591917374905265
24,24,7.708077772251023
24,25,7.723002056344496
24,26,7.576070557899538
24,27,8.131948458237149
24,28,7.783523379800016
24,29,7.833578825573025
24,30,8.009593096651972
24,31,7.9052154258483345
24,32,7.848173585066445
24,33,8.01839926336703
24,34,8.060220327659017
24,35,8.174476954073917
24,36,8.571041239623508
24,37,8.623052379251462
24,38,7.517053122681299
24,39,7.424801117234143
24,40,7.434791440436208
24,41,7.502308312582011
24,42,7.465006606820698
24,43,7.337449572002205
24,44,7.453272113143052
24,45,7.551386417608224
24,46,7.581196447881304
24,47,7.578177034403831
24,48,7.586635198174981
24,49,7.589996629293128
24,50,7.5414771397379825
24,51,7.48403372713944
24,52,7.458883045076718
24,53,7.470180984665298
24,54,7.3035410132065195
24,55,7.291346585744761
24,56,7.411015391216916
24,57,7.557486149486865
24,58,7.57707277999998
23,0,7.580490800000007
23,1,7.296389898901823
23,2,7.195043376377403
23,3,7.188365124924102
23,4,7.409036529675532
23,5,7.5794071434963906
23,6,7.675756137061068
23,7,7.726183805339709
23,8,7.623090571827996
23,9,7.543847366241625
23,10,7.4634480003427415
23,11,7.34976867011738
23,12,7.446669056856782
23,13,7.144513879442741
23,14,6.942046598704405
23,15,6.967903026109474
23,16,7.009239282671563
23,17,7.1518493623630945
23,18,7.437395780988474
23,19,7.409166112851212
23,20,7.330937594777245
23,21,7.264111990658574
23,22,7.3310766429514915
23,23,7.539459513846797
23,24,7.679717592537483
23,25,7.693959848888623
23,26,7.338890186586173
23,27,7.893919525879284
23,28,7.631576000456636
23,29,7.584566996346261
23,30,7.69222702853147
23,31,7.798271210412744
23,32,7.775285154561804
23,33,7.914170934730339
23,34,7.8768041171692715
23,35,7.8683246943407665
23,36,8.218576366440765
23,37,8.328972434594126
23,38,8.073909400286986
23,39,8.03708513425562
23,40,7.882891461596637
23,41,7.924303846614992
23,42,7.9811376317536125
23,43,7.942346840235285
23,44,7.360608197390362
23,45,7.4209103633661275
23,46,7.46759043056278
23,47,7.554331544372775
23,48,7.584344806462852
23,49,7.595558478953302
23,50,7.515034598258881
23,51,7.456539986961677
23,52,7.450469033880287
23,53,7.449337869737645
23,54,7.295446499513515
23,55,7.273114532548389
23,56,7.3994554645584385
23,57,7.579958081932544
23,58,7.58732684000006
22,0,7.307049200000051
22,1,7.209491319935542
22,2,7.256303201680451
22,3,7.301330512910864
22,4,7.143116016961176
22,5,7.314417275316677
22,6,7.62296860593659
22,7,7.654542467475628
22,8,7.5678564990769575
22,9,7.358488058751391
22,10,7.294847518539625
22,11,7.21045367679282
22,12,7.178948681157531
22,13,7.22468255072371
22,14,7.174003682274321
22,15,7.072403211415691
22,16,7.051693127592528
22,17,7.2697547544425385
22,18,7.562810079572374
22,19,7.58840885414992
22,20,7.496773716167473
22,21,7.328419822612457
22,22,7.214332938148943
22,23,7.436036149017646
22,24,7.5935609424425214
22,25,7.61013006303121
22,26,7.257655109077012
22,27,7.2879602258985905
22,28,7.303400420984605
22,29,7.3281882513110395
22,30,7.790941166076011
22,31,7.649063832552141
22,32,7.7575425194135414
22,33,7.803621170046755
22,34,7.7684674879932185
22,35,7.732770345085759
22,36,7.957064852620958
22,37,8.090976175888734
22,38,8.084779079289387
22,39,8.128289905896777
22,40,8.213239532485337
22,41,8.553072469022975
22,42,8.65186508402886
22,43,8.625704484928695
22,44,8.37611501853625
22,45,7.37028404903568
22,46,7.454175862575946
22,47,7.485894679118581
22,48,7.541339886579385
22,49,7.583822565603762
22,50,7.522758482126687
22,51,7.41804677578736
22,52,7.4240404767635075
22,53,7.494295085178696
22,54,7.376291822095659
22,55,7.4257047651262
22,56,7.5559201984209725
22,57,7.690833111379147
22,58,7.662523280000016
21,0,7.214762660000019
21,1,7.206088396515108
21,2,7.259009576756561
21,3,7.3622327173642805
21,4,7.261841392504542
21,5,7.341730163951902
21,6,7.533629624974034
21,7,7.599396472222413
21,8,7.583191666482858
21,9,7.3923185149402935
21,10,7.26968033650151
21,11,7.253762701800928
21,12,7.392068792125529
21,13,7.4304793376185705
21,14,7.414848240664207
21,15,7.211737030994047
21,16,7.159926032885467
21,17,7.298543750040316
21,18,7.5782328876011285
21,19,7.64242624937781
21,20,7.564440114799872
21,21,7.420922512702022
21,22,7.257303964574469
21,23,7.365981996931056
21,24,7.426776077843252
21,25,7.439639291491911
21,26,7.223349863177005
21,27,7.177195471346449
21,28,7.167404957173128
21,29,7.144309770455774
21,30,7.6212324099541995
21,31,7.5167698150205675
21,32,7.535193796568613
21,33,7.625662008988508
21,34,7.631020138165716
21,35,7.7498261161978945
21,36,8.049931556956224
21,37,8.165707492811523
21,38,8.049445115711492
21,39,8.091669942128926
21,40,8.140355263588212
21,41,8.423381075286304
21,42,8.492191375542834
21,43,8.564379069342312
21,44,8.676728256313414
21,45,8.213794764835336
21,46,7.964733001766339
21,47,8.028211278918095
21,48,8.008085905805759
21,49,7.811808932156514
21,50,7.591124095810235
21,51,7.54128896676952
21,52,7.712963206790242
21,53,7.885696686838817
21,54,7.942046147614724
21,55,7.952256803284143
21,56,8.020258130970083
21,57,8.117752592194192
21,58,8.434995800000024
20,0,6.893468780000035
20,1,7.201252586553565
20,2,7.150963617546601
20,3,7.16561545238289
20,4,7.10885094452604
20,5,7.193238788761985
20,6,7.401351391301635
20,7,7.5479139873814525
20,8,7.725098115181554
20,9,7.579535729268283
20,10,7.6358383703035235
20,11,7.4110575646724035
20,12,7.520062451626915
20,13,7.457635892676024
20,14,7.575242847097976
20,15,7.290051537590823
20,16,7.286407271804477
20,17,7.432913527658357
20,18,7.509643842929323
20,19,7.513177298638059
20,20,7.370018043033433
20,21,7.24054553401597
20,22,7.123065157865144
20,23,7.004622315719768
20,24,6.940926818629401
20,25,7.0275861152649135
20,26,7.239601282348879
20,27,7.2935821332809425
20,28,7.241970154389326
20,29,7.163743922684158
20,30,7.210251613771608
20,31,7.089916667413765
20,32,7.158734989935158
20,33,7.285535562149387
20,34,7.340837184962352
20,35,7.705606573715235
20,36,8.197029084479542
20,37,8.173640369854336
20,38,7.8311224008283435
20,39,7.8806984273518355
20,40,8.21477322201364
20,41,8.30314346842105
20,42,8.322218907056339
20,43,8.550751564239087
20,44,8.672864436129654
20,45,8.673271964862055
20,46,8.761624915711183
20,47,8.66857109620874
20,48,8.580306136926705
20,49,8.506723772231595
20,50,8.123518162239272
20,51,7.905633736773449
20,52,8.26588950000547
20,53,8.636362911483406
20,54,8.715190852645941
20,55,8.717747528842144
20,56,8.700395359639685
20,57,8.742136220641704
20,58,8.893010480000044
19,0,6.859288579999998
19,1,7.279554547727415
19,2,7.151237583101975
19,3,7.071943876460886
19,4,6.97371830395899
19,5,6.948986594065834
19,6,7.1165263236012475
19,7,7.315620533287286
19,8,7.510017099583272
19,9,7.472857440649191
19,10,7.527465409325043
19,11,7.661384660877047
19,12,7.651508243026934
19,13,7.616760978885321
19,14,7.758263389439619
19,15,7.736354580570729
19,16,7.706924743832642
19,17,8.008423881285243
19,18,7.797789002098126
19,19,7.618814302158764
19,20,7.3030356074792575
19,21,7.146494872501796
19,22,7.057293503535525
19,23,7.007359237266318
19,24,7.006366039980911
19,25,7.136741937772942
19,26,7.2045846014213355
19,27,7.457777506838147
19,28,7.4070585802701165
19,29,7.239110393496056
19,30,7.189756011405143
19,31,7.293034320115878
19,32,7.36882938179849
19,33,7.457961564150514
19,34,7.509885422105223
19,35,7.780680886166158
19,36,8.038435201459734
19,37,7.909995266512187
19,38,7.465838166913299
19,39,7.534001563330508
19,40,8.053213081735638
19,41,8.0417751011066
19,42,8.039432873754008
19,43,8.141823486750866
19,44,8.311107485242353
19,45,8.420320175942898
19,46,8.493622424407743
19,47,8.257390001069622
19,48,8.083455460770221
19,49,8.198599891428021
19,50,8.356455233929397
19,51,8.333414325848336
19,52,8.314753710515678
19,53,8.388330095233723
19,54,8.584644741284814
19,55,8.697455352575208
19,56,8.622930477915263
19,57,8.387405796982682
19,58,8.29143896000005
18,0,7.125894140000014
18,1,7.1366523266331505
18,2,6.983520688359984
18,3,6.876663943354195
18,4,6.966717849667499
18,5,6.895938289977941
18,6,6.992972345879077
18,7,7.130945200995987
18,8,7.340726356914054
18,9,7.329979542396084
18,10,7.303574143421563
18,11,7.456252881489453
18,12,7.551530024221172
18,13,7.645522253733362
18,14,7.716127449822563
18,15,7.853013692609563
18,16,7.913881975062028
18,17,8.215207885241872
18,18,8.09505823870224
18,19,7.7563083470022995
18,20,7.46265956817253
18,21,7.084369855975915
18,22,7.064450189301429
18,23,7.003398767192982
18,24,7.093035548698661
18,25,7.174950438733504
18,26,7.312545335947806
18,27,7.528779005323402
18,28,7.221553854566507
18,29,7.120097878150484
18,30,7.309151730447404
18,31,7.44608997276356
18,32,7.485298963715495
18,33,7.545993566025006
18,34,7.514551702067823
18,35,7.587003203194103
18,36,8.074644963738434
18,37,8.018753127603437
18,38,7.544603665818343
18,39,7.432754627806325
18,40,8.080794498189167
18,41,7.967419271662599
18,42,7.97001267914988
18,43,8.064511459563763
18,44,8.11007953982576
18,45,8.20414369847882
18,46,8.229452389865356
18,47,8.072342631256317
18,48,7.923763574995671
18,49,7.997021751851816
18,50,8.192111062065479
18,51,8.32203654178739
18,52,8.235031666305826
18,53,8.225910465180782
18,54,8.52801665271977
18,55,8.69861879613651
18,56,8.541992328997837
18,57,8.21096259039844
18,58,8.199152420000019
17,0,7.16691037999999
17,1,6.830626989258541
17,2,6.745522548196808
17,3,6.5582548747684815
17,4,6.7272288580734525
17,5,6.629389753588299
17,6,6.6356964824778455
17,7,6.721082488192322
17,8,6.865201338620642
17,9,7.012244458372372
17,10,7.021087398783925
17,11,7.163039195872261
17,12,7.295657364178427
17,13,7.470689084379622
17,14,7.504195260070533
17,15,7.751353169277825
17,16,7.930586849674174
17,17,8.269397487678628
17,18,8.039962809253984
17,19,7.736370174493852
17,20,7.438924931692633
17,21,7.1882616141717754
17,22,7.06790261498828
17,23,6.989269520755705
17,24,7.03666881703518
17,25,7.137041391139194
17,26,7.316057018352074
17,27,7.615209907452773
17,28,7.225654170090291
17,29,7.197772650869783
17,30,7.368597064292896
17,31,7.37977566574177
17,32,7.372608958053968
17,33,7.412842091835809
17,34,7.504113005075322
17,35,7.5452225998836
17,36,7.872503483386515
17,37,8.148018939070198
17,38,8.09802137434252
17,39,7.895128525256283
17,40,7.900899935715019
17,41,8.150929001790386
17,42,7.9414027056196055
17,43,7.852029609453867
17,44,8.148106535364843
17,45,8.144908372651859
17,46,8.19748690965536
17,47,8.2912012743777
17,48,8.368045807206162
17,49,8.450738658644052
17,50,8.413907203566907
17,51,8.240843972782788
17,52,8.285375599222114
17,53,8.41133732574162
17,54,8.732304367067757
17,55,8.780107989652178
17,56,8.731063529471546
17,57,8.3339744798962
17,58,8.352963320000015
16,0,6.98575532000001
16,1,6.7253625331332
16,2,6.676825374188536
16,3,6.490374697019846
16,4,6.685060141030848
16,5,6.579997660250495
16,6,6.507879338660188
16,7,6.560971188318881
16,8,6.652527272630751
16,9,6.791686518843893
16,10,6.842935452576695
16,11,7.084318358257683
16,12,7.089899827216933
16,13,7.273781646563517
16,14,7.467590721965964
16,15,7.662079744976773
16,16,7.8465260499625815
16,17,8.072494897790097
16,18,7.839913961504002
16,19,7.565001637611118
16,20,7.37060710605944
16,21,7.212678815960109
16,22,7.211571275917272
16,23,7.215809897847857
16,24,7.154755146035484
16,25,7.21145502053693
16,26,7.232717729326119
16,27,7.393777926821797
16,28,7.064273767167051
16,29,7.041372469494188
16,30,7.2599608986348745
16,31,7.315322473756065
16,32,7.370736118569361
16,33,7.44071243040732
16,34,7.402301852283937
16,35,7.679240684980755
16,36,7.781873722042441
16,37,8.231312414428066
16,38,8.212318755488559
16,39,8.050596892634017
16,40,7.849109124738209
16,41,7.978826351819976
16,42,7.822024837881513
16,43,7.742874911143436
16,44,8.013653645624833
16,45,8.170841000988336
16,46,8.188909888332589
16,47,8.257263772206798
16,48,8.32981778193893
16,49,8.357607033988053
16,50,8.466984766262541
16,51,8.39104173873042
16,52,8.47534454382782
16,53,8.639733682088313
16,54,8.81497225630184
16,55,8.806629712704225
16,56,8.783377057896955
16,57,8.196960528926132
16,58,8.17522628000006
15,0,6.630281240000045
15,1,6.39869228011481
15,2,6.532153551705616
15,3,6.342830896324449
15,4,6.413664751315516
15,5,6.438407538951246
15,6,6.458073915230383
15,7,6.661740439482614
15,8,6.821379627537818
15,9,6.89573176854309
15,10,6.921529116556341
15,11,7.012585886073315
15,12,7.090366073732592
15,13,7.206611543788278
15,14,7.507599277574137
15,15,7.630424375282912
15,16,7.654231712991901
15,17,7.7544949489613915
15,18,7.743153775794161
15,19,7.69407548801642
15,20,7.527356513811647
15,21,7.341638914437533
15,22,7.359596632922006
15,23,7.359425194118618
15,24,7.226180829700521
15,25,7.324986257274613
15,26,7.436882073534815
15,27,7.605021286034399
15,28,7.149108651528488
15,29,7.190478405221977
15,30,7.229528693213592
15,31,7.503904899397591
15,32,7.552633918576198
15,33,7.577468895091524
15,34,7.512222488257574
15,35,7.67994890967203
15,36,7.930882272815978
15,37,8.035968944219958
15,38,8.14778718871112
15,39,8.005410503052993
15,40,7.82713671724883
15,41,7.710372001040075
15,42,7.588169209453839
15,43,7.502652729888798
15,44,7.916499568650695
15,45,8.017726167258303
15,46,7.918985179375803
15,47,8.105290687440302
15,48,8.249369823678363
15,49,8.148503734013293
15,50,8.428478282598522
15,51,8.621650516887723
15,52,8.640193186307695
15,53,8.733912123416793
15,54,8.742385171163768
15,55,8.649724453776283
15,56,8.642769732947661
15,57,8.303942674295808
15,58,8.250422720000017
14,0,6.507232520000002
14,1,6.499954464464857
14,2,6.330079333161427
14,3,6.218097527617575
14,4,6.234754747960187
14,5,6.387237438730375
14,6,6.448810885362692
14,7,6.658104503239171
14,8,6.888705079128499
14,9,6.952133669014983
14,10,7.0172000025836905
14,11,6.932000426246545
14,12,7.215645403954832
14,13,7.435146829150944
14,14,7.5614566709070905
14,15,7.6967820619220095
14,16,7.7953714349278
14,17,7.9112196281451315
14,18,8.13446245948862
14,19,8.200959406833938
14,20,7.451116249458922
14,21,6.923441900031616
14,22,6.878335338192624
14,23,6.896908375395191
14,24,7.082131352021807
14,25,7.3549553768716045
14,26,7.470207222736525
14,27,7.30603045980721
14,28,6.99823318563165
14,29,6.892439072137431
14,30,7.553163417135497
14,31,7.554347675588105
14,32,7.6002332248766775
14,33,7.67424614357033
14,34,7.963981993092828
14,35,8.053691643409355
14,36,8.205933406284244
14,37,8.358759949863279
14,38,8.36743362996323
14,39,8.165118097711924
14,40,7.945313701843517
14,41,7.961272664774648
14,42,7.763605809253535
14,43,7.7344261777109224
14,44,7.951183882049308
14,45,8.091337120599006
14,46,8.277913498877105
14,47,8.16901921340791
14,48,8.281306559906328
14,49,8.24552561963897
14,50,8.19589590122673
14,51,8.404191501483602
14,52,8.476175799102457
14,53,8.543849249383946
14,54,8.602807355863767
14,55,8.489697095847461
14,56,8.288300866269825
14,57,8.300705868742483
14,58,8.219660540000007
13,0,6.527740640000047
13,1,6.341538814846947
13,2,6.203947472649108
13,3,6.2933859731578
13,4,6.3318755992157545
13,5,6.363063026143633
13,6,6.471344597716778
13,7,6.699505181500225
13,8,6.949754784927645
13,9,7.062024740019215
13,10,7.123182600860444
13,11,7.063343649153461
13,12,7.1260354833691775
13,13,7.3504773607322464
13,14,7.488809216511742
13,15,7.66781494736876
13,16,7.962319294178117
13,17,8.134997964834966
13,18,8.249073890918421
13,19,8.21038002194561
13,20,7.506141666446091
13,21,6.993646264438559
13,22,6.947859127973225
13,23,6.998117313836506
13,24,7.1908861825763175
13,25,7.48372359472616
13,26,7.604149377731894
13,27,7.400074782992036
13,28,7.2021389524897685
13,29,7.010472149648419
13,30,7.569770911705026
13,31,7.571269276902816
13,32,7.693085271164903
13,33,7.743588324067441
13,34,7.975578350697658
13,35,8.072466569248377
13,36,8.153025047965956
13,37,8.308592477286359
13,38,8.327435672768512
13,39,8.129788132281245
13,40,7.889790967175598
13,41,7.863506900711142
13,42,7.700941934373182
13,43,7.791207475443628
13,44,8.065219414578989
13,45,8.213980148935294
13,46,8.317444494897938
13,47,8.324598855255624
13,48,8.280616820822377
13,49,8.175153253742636
13,50,8.103140936600708
13,51,8.189788804489739
13,52,8.320107115880294
13,53,8.400400125758152
13,54,8.467682674690531
13,55,8.502522278327456
13,56,8.283764127577303
13,57,8.251698013407776
13,58,8.274348860000032
12,0,6.31240538000003
12,1,6.316191041496211
12,2,6.134957650160475
12,3,6.306876217697052
12,4,6.545574832493495
12,5,6.627437379327059
12,6,6.644983373848445
12,7,6.72119005000299
12,8,7.0739327763161075
12,9,7.360149384406773
12,10,7.615780553924427
12,11,7.629766650675186
12,12,7.379719355157025
12,13,7.230467630972222
12,14,7.388382158394505
12,15,7.458140299118662
12,16,7.879344997942219
12,17,8.271681120737188
12,18,8.262769241325305
12,19,8.167936203187256
12,20,7.636728026963959
12,21,7.3391060534044605
12,22,7.324436372383225
12,23,7.426452436444997
12,24,7.6705883499461
12,25,7.9013641397917755
12,26,7.868042729357685
12,27,7.666000962516746
12,28,7.639001180350664
12,29,7.390805638851445
12,30,7.827517562486526
12,31,7.939402961568739
12,32,8.13277430789447
12,33,8.137823066651112
12,34,8.165281986389799
12,35,8.14310060654546
12,36,8.178165663418639
12,37,8.23713779654151
12,38,8.214846678868948
12,39,8.02434983514192
12,40,7.779683376213441
12,41,7.727780361161635
12,42,7.688719799908191
12,43,7.783200575414502
12,44,8.035827552016219
12,45,8.199617145151274
12,46,8.147451587735302
12,47,8.105460720401048
12,48,8.039192400295152
12,49,8.012352655451913
12,50,7.945341391956348
12,51,8.0118717989553
12,52,8.251785951196897
12,53,8.321922949659083
12,54,8.173500373265435
12,55,8.208191561706169
12,56,8.161991658092301
12,57,8.148749577217986
12,58,8.15130013999999
11,0,6.2577170600000045
11,1,6.26996008609859
11,2,6.367982000781593
11,3,6.512027321873628
11,4,6.468908641252903
11,5,6.55682735569559
11,6,6.7939217281731334
11,7,7.056346765208511
11,8,7.394879929163387
11,9,7.726393417738285
11,10,7.935155899588469
11,11,8.033151078794672
11,12,7.806401255318415
11,13,7.563357223165346
11,14,7.421974224752024
11,15,7.660217010066624
11,16,7.955266907321404
11,17,8.245928157221392
11,18,8.156193228259092
11,19,8.093069433177199
11,20,7.714116749453461
11,21,7.486114293333586
11,22,7.529214691211707
11,23,7.660272318930966
11,24,7.8648105419702885
11,25,8.061785285513368
11,26,8.061237803323996
11,27,7.77952964238175
11,28,7.785973815128781
11,29,7.538018148718027
11,30,7.722697635616057
11,31,8.0534501877681
11,32,8.064475909764457
11,33,8.105969654472023
11,34,8.226140443657751
11,35,8.212705070185
11,36,8.21392146008136
11,37,8.148071774521032
11,38,8.03222594852661
11,39,7.8136472446058045
11,40,7.509078261382404
11,41,7.431038455270988
11,42,7.493304494775817
11,43,7.745329440966038
11,44,7.78071457711266
11,45,8.036049928523374
11,46,8.117176260110542
11,47,8.027170796192614
11,48,7.938533429597104
11,49,8.072752267191841
11,50,8.259947998522884
11,51,8.34303305324013
11,52,8.431824485333134
11,53,8.522655102593674
11,54,8.286040925130218
11,55,7.734984066243933
11,56,7.592326061059388
11,57,7.95582837477972
11,58,7.987235180000027
10,0,6.732821840000042
10,1,6.728638917982577
10,2,6.533955817793368
10,3,6.5137655751168735
10,4,7.084677796420592
10,5,6.894672721922541
10,6,6.9279598165756635
10,7,7.224775801413685
10,8,7.709806363029242
10,9,8.10211212137813
10,10,8.28950363852981
10,11,8.263864797432205
10,12,7.9718049820407675
10,13,7.814982654431896
10,14,7.8610601630322865
10,15,7.839916168921681
10,16,7.800025919832058
10,17,8.017036239306428
10,18,8.125126078962245
10,19,8.043290017695192
10,20,7.685752970466237
10,21,7.548480903237223
10,22,7.604590210717493
10,23,7.739498544037437
10,24,7.884391400687095
10,25,8.042703807662194
10,26,8.169343954170653
10,27,7.948419483334942
10,28,7.810241815784629
10,29,7.701970085493338
10,30,7.749637803650782
10,31,8.132046969619246
10,32,8.045487464408964
10,33,8.327999551715116
10,34,8.451208407837882
10,35,8.493906845270233
10,36,8.277456494118303
10,37,8.226318756076909
10,38,7.974534634766229
10,39,7.82517198441423
10,40,7.61380396480182
10,41,7.670993010460626
10,42,7.742934339438053
10,43,7.96667838870948
10,44,7.842088170852135
10,45,7.991356072468874
10,46,8.09455551750643
10,47,8.027806811710017
10,48,7.987067074517352
10,49,8.075090514404389
10,50,8.18387302194739
10,51,8.316074404499663
10,52,8.396419684647665
10,53,8.362874260812948
10,54,8.303241627453703
10,55,7.8000530721044745
10,56,7.520363163326978
10,57,7.7115651717472495
10,58,7.710375559999989
9,0,6.732821840000042
9,1,6.732821840000042
9,2,6.57460477188662
9,3,6.6601451137514935
9,4,7.080679402054722
9,5,7.158565901488305
9,6,7.218007741984319
9,7,7.480092354963327
9,8,7.664315274325099
9,9,7.705924075135095
9,10,7.791430287197186
9,11,7.998295960158641
9,12,8.179030636088033
9,13,8.272480708812864
9,14,8.170458610802749
9,15,8.213570300649083
9,16,7.879005765530679
9,17,8.017553632903645
9,18,7.753282575852676
9,19,7.680285357950817
9,20,7.560155892692901
9,21,7.5618491484030335
9,22,7.65647723235211
9,23,7.794085565538586
9,24,7.840193690351622
9,25,7.7875032813865905
9,26,7.955502604398975
9,27,8.179400705024381
9,28,8.146519539315515
9,29,8.216634350545112
9,30,8.197053348918745
9,31,8.377495196778748
9,32,8.181088052004297
9,33,8.254102920077216
9,34,8.476631431387398
9,35,8.585384886132012
9,36,8.63706580135619
9,37,8.4223872987757
9,38,8.289262276813187
9,39,8.129769975455705
9,40,7.97573496820301
9,41,8.022626219779827
9,42,8.055798202282535
9,43,8.167828511432834
9,44,7.9436092079443235
9,45,7.939245374581734
9,46,8.002442130302569
9,47,8.052099155483239
9,48,8.066277415700377
9,49,8.084472052196846
9,50,8.057381899945424
9,51,8.053908984562836
9,52,8.238784685659377
9,53,8.306499723844833
9,54,8.003046769375942
9,55,7.852527612313842
9,56,7.718915569250156
9,57,7.679776194964043
9,58,7.792408040000055
8,0,6.6610434200000554
8,1,6.6610434200000554
8,2,6.671538961760794
8,3,6.772862649247061
8,4,7.115190042919311
8,5,7.128393210641127
8,6,7.1468752912780005
8,7,7.58724414460303
8,8,7.873476543644897
8,9,7.881671303629986
8,10,7.848094775824869
8,11,7.796199147863362
8,12,7.818699801063801
8,13,7.931786160416584
8,14,7.867181484627221
8,15,7.905699389546709
8,16,7.828030549563874
8,17,7.843651554591595
8,18,7.729182388725697
8,19,7.633165538106612
8,20,7.420241723999942
8,21,7.5511326939983645
8,22,7.650987400559073
8,23,7.76409372465229
8,24,7.953644712397635
8,25,8.014787665025157
8,26,8.115160219951587
8,27,8.41787480753651
8,28,8.507832610771274
8,29,8.634425766041979
8,30,8.42231969852034
8,31,8.388721767430217
8,32,8.178877513070809
8,33,8.31003613842944
8,34,8.41893572698719
8,35,8.4470100558333
8,36,8.43396565900025
8,37,8.369490325998632
8,38,8.299332481504917
8,39,8.25531474851179
8,40,8.217357125819666
8,41,8.199587963147575
8,42,8.131231455805993
8,43,8.031085186601574
8,44,7.948784447659235
8,45,7.942130047691055
8,46,7.963853216606063
8,47,7.974325598574919
8,48,8.054331777339717
8,49,7.975952724305744
8,50,7.973743414773797
8,51,7.929076684086743
8,52,8.082305972677672
8,53,8.296814171581069
8,54,8.197762491461509
8,55,7.967289807601166
8,56,7.646833133534821
8,57,7.506648701177234
8,58,7.4266799000000105
7,0,6.681551539999987
7,1,6.681551539999987
7,2,6.691494767359272
7,3,6.766813333672626
7,4,7.054967543691784
7,5,7.252361565726938
7,6,7.269204756054592
7,7,7.57407001765772
7,8,7.773696175781607
7,9,7.853350117058296
7,10,7.919260433913308
7,11,7.908479582707849
7,12,7.655929760658088
7,13,7.602410198966828
7,14,7.726802004489977
7,15,7.88247386656524
7,16,8.14760652687625
7,17,8.017821921307164
7,18,7.915274662475618
7,19,7.791770283172891
7,20,7.643468538711534
7,21,7.795485967301184
7,22,7.890511072287162
7,23,7.900924642130591
7,24,8.111420698405961
7,25,8.303710377417449
7,26,8.388412573695765
7,27,8.55830893148631
7,28,8.702192442375551
7,29,8.763568893331108
7,30,8.669287846872118
7,31,8.418711854667217
7,32,8.269830770184925
7,33,8.456198265960904
7,34,8.58956867258232
7,35,8.559200827920172
7,36,8.478977441619937
7,37,8.369855726097772
7,38,8.373993499670025
7,39,8.408944784223735
7,40,8.341391876188405
7,41,8.311353247406426
7,42,8.275124835553472
7,43,8.00763519902631
7,44,8.196664132306104
7,45,8.152342456311521
7,46,8.059896987729164
7,47,7.942624348287418
7,48,7.913956839675112
7,49,7.789614711187216
7,50,7.766671601107693
7,51,7.816752806748059
7,52,8.056693002150162
7,53,8.30240244269512
7,54,8.294885709011806
7,55,8.025167981202783
7,56,7.753194886303027
7,57,7.57074388947487
7,58,7.594162879999999
6,0,6.797764220000033
6,1,6.797764220000033
6,2,6.759595273262169
6,3,6.737813671177583
6,4,6.968911081171787
6,5,7.417565167015012
6,6,7.477705306439833
6,7,7.601153847687668
6,8,7.57770766100278
6,9,7.520737067684134
6,10,7.601585780422118
6,11,7.799041744520898
6,12,7.9881233162117935
6,13,7.904564206316098
6,14,7.884490004973003
6,15,7.740751802977195
6,16,8.038384038449891
6,17,8.233120830500539
6,18,8.369340719867905
6,19,8.366329156730446
6,20,8.030697242238542
6,21,7.906885176601084
6,22,7.925314642680565
6,23,7.889073458427834
6,24,7.937209767558212
6,25,8.150850589859475
6,26,8.262105423466451
6,27,8.357780131683285
6,28,8.448460761397268
6,29,8.522086785113096
6,30,8.69065787299359
6,31,8.72864765740035
6,32,9.030121949124783
6,33,8.737476239114054
6,34,8.740739246966465
6,35,8.643795663779457
6,36,8.328584023365158
6,37,8.340047701970583
6,38,8.572031768235888
6,39,8.473059328840785
6,40,8.20531365596931
6,41,8.147203996849385
6,42,8.087462527971024
6,43,7.94709670105466
6,44,7.923329746230951
6,45,7.833258965445855
6,46,7.784163271000172
6,47,7.947920808530863
6,48,7.92029315678952
6,49,7.864018051786821
6,50,7.755787666377984
6,51,7.7977996023800475
6,52,8.059189193895367
6,53,8.450252361441907
6,54,8.531992939364057
6,55,8.250301871099678
6,56,7.990338315539037
6,57,7.835343339775759
6,58,7.959891019999986
5,0,6.797764220000033
5,1,6.797764220000033
5,2,6.797764220000033
5,3,7.015621174481865
5,4,7.074174762420958
5,5,7.636467588982874
5,6,7.674991842469649
5,7,7.665858176369727
5,8,7.540081369305884
5,9,7.460560052573383
5,10,7.518915153020895
5,11,7.785696835849368
5,12,8.035551436739484
5,13,8.05266323351471
5,14,8.158507079759904
5,15,8.082439385843326
5,16,8.088451184474506
5,17,8.318941811433758
5,18,8.571476338788806
5,19,8.605550626579536
5,20,8.245193553919796
5,21,7.954442931460001
5,22,7.824266111208262
5,23,7.941084009958062
5,24,8.015794803190259
5,25,8.163206664663319
5,26,8.23370479433087
5,27,8.307862279509436
5,28,8.518519365843677
5,29,8.525544505040004
5,30,8.710971744816995
5,31,8.642282053401955
5,32,8.685154365317228
5,33,8.45150923670475
5,34,8.588300630968716
5,35,8.586065313917647
5,36,8.585297871000746
5,37,8.48482038492629
5,38,8.543906928308513
5,39,8.412388125297728
5,40,8.181116844086064
5,41,8.193548725004192
5,42,8.132478269638247
5,43,8.005643255800978
5,44,8.001889722752589
5,45,7.909929419130957
5,46,7.880123290077121
5,47,7.95208887596479
5,48,7.930363909037601
5,49,7.830437739665006
5,50,7.75835705263572
5,51,7.765784833954813
5,52,7.75631484733884
5,53,8.075435411468202
5,54,8.424993602265085
5,55,8.162887889215689
5,56,7.853552701331369
5,57,7.894905233050283
5,58,7.929128840000033
4,0,6.797764220000033
4,1,6.797764220000033
4,2,6.9173949199999925
4,3,6.921425874346032
4,4,7.068025580883249
4,5,7.629900013280965
4,6,7.99652719370987
4,7,7.693823549190151
4,8,7.731291793751502
4,9,7.695944918633798
4,10,7.7102057096713175
4,11,7.698095173600418
4,12,7.936707413176188
4,13,8.107298171449864
4,14,8.243988768401941
4,15,8.303929877028907
4,16,8.167332877590994
4,17,8.349936916331934
4,18,8.549629106367929
4,19,8.501719915427273
4,20,8.503138431916359
4,21,8.32604813626047
4,22,8.185287656745185
4,23,8.207640732908603
4,24,8.364934480898427
4,25,8.513137023662209
4,26,8.518849195857037
4,27,8.401229542629551
4,28,8.632914274014933
4,29,8.66271510204835
4,30,8.585203507467583
4,31,8.455044169892593
4,32,8.306755007019731
4,33,8.44355068425443
4,34,8.49647417938704
4,35,8.602919582385132
4,36,8.705322277733085
4,37,8.848736079252934
4,38,8.662490354679104
4,39,8.564100318867016
4,40,8.244234036212863
4,41,8.20521529587162
4,42,8.223909322923294
4,43,8.164177855220984
4,44,8.295478509673705
4,45,8.184321650522795
4,46,8.085343080773182
4,47,7.945858298239678
4,48,7.8818322705171875
4,49,7.918090039016373
4,50,7.769712535742643
4,51,7.657984826803887
4,52,7.747090629244703
4,53,8.005152065824763
4,54,8.274597510711091
4,55,8.287613033125744
4,56,8.262117969032797
4,57,8.3243388825923
4,58,8.356381339999984
3,0,6.9173949199999925
3,1,6.9173949199999925
3,2,6.9173949199999925
3,3,6.9173949199999925
3,4,7.1625958297537675
3,5,7.54470620096739
3,6,7.854285779044262
3,7,7.963037137089853
3,8,8.123992633075437
3,9,8.218316390377211
3,10,8.124189295719358
3,11,7.945002076496622
3,12,7.960360023208897
3,13,8.18204792748626
3,14,8.151267193374526
3,15,8.232056877252592
3,16,8.19747647063153
3,17,8.483016899754658
3,18,8.398471210031545
3,19,8.324222618014382
3,20,8.569108233028862
3,21,8.430100775776019
3,22,8.327684807778665
3,23,8.602630379863898
3,24,8.784564954192847
3,25,8.848358944074116
3,26,8.868141939432402
3,27,8.695017144883765
3,28,8.53309205161224
3,29,8.55133470993662
3,30,8.392394454207272
3,31,8.439721785252775
3,32,8.250623776790956
3,33,8.791409121616152
3,34,8.641882663997595
3,35,8.746288425301325
3,36,8.757101783250771
3,37,8.911985544887605
3,38,8.822356358983043
3,39,8.621009535754828
3,40,8.443456390587961
3,41,8.268545689144243
3,42,8.263049123916186
3,43,8.247986562570565
3,44,8.438128042383443
3,45,8.291487570792384
3,46,7.987811856091163
3,47,7.701869008816093
3,48,7.677285261057445
3,49,7.695805516898941
3,50,7.516548260466436
3,51,7.399549965219965
3,52,7.429426907661277
3,53,7.5646653749379205
3,54,7.665023710873984
3,55,7.8252146628655295
3,56,7.9928921006427105
3,57,8.046695053698986
3,58,7.987235180000027
2,0,6.9173949199999925
2,1,6.9173949199999925
2,2,7.389081680000004
2,3,7.389081680000004
2,4,7.6239113849207865
2,5,7.506787396228351
2,6,7.833775502467769
2,7,8.092690173831388
2,8,8.381368368582406
2,9,8.51588063684405
2,10,8.517413927919485
2,11,8.318858940460984
2,12,8.209452170451875
2,13,8.460330588999163
2,14,8.273700172379721
2,15,8.468746356434337
2,16,8.484703322728178
2,17,8.567063477131587
2,18,8.213151930789016
2,19,8.28034504301941
2,20,8.676118778944174
2,21,8.449046681990303
2,22,8.327054820528177
2,23,8.523273007766592
2,24,8.836010657411723
2,25,8.94984566200856
2,26,8.973722833788703
2,27,8.819576055985184
2,28,8.487154873214568
2,29,8.4521800987124
2,30,8.28319128067816
2,31,8.681670522278687
2,32,8.479661191954845
2,33,8.887638631385185
2,34,8.80369198090786
2,35,8.723750448580708
2,36,8.736109520389363
2,37,8.89437398933878
2,38,8.941850076575841
2,39,8.771579334469514
2,40,8.485264115316186
2,41,8.310607629210221
2,42,8.313410474802248
2,43,8.306607230633233
2,44,8.454157256632302
2,45,8.282864664146125
2,46,7.970983217074243
2,47,7.786837087751444
2,48,7.838163851531342
2,49,8.02291756098624
2,50,7.694940525737424
2,51,7.51870868821292
2,52,7.368084557452922
2,53,7.35646413091292
2,54,7.489905581544109
2,55,7.7029635551998
2,56,7.939130076436233
2,57,7.9594404112155335
2,58,7.871022499999981
1,0,8.253840739999987
1,1,8.253840739999987
1,2,8.253840739999987
1,3,8.253840739999987
1,4,8.067373850029526
1,5,8.061270077148272
1,6,8.243894718310807
1,7,8.327525943032315
1,8,8.627497271941397
1,9,8.803841343346233
1,10,8.634370336924714
1,11,8.37024522472638
1,12,8.29803933237886
1,13,8.527596835988117
1,14,8.777733329632962
1,15,8.84492503063724
1,16,8.706103964568419
1,17,8.595444674022106
1,18,8.648824031145312
1,19,8.659267762339166
1,20,8.82462329297148
1,21,8.561927293743803
1,22,8.363412922407958
1,23,8.461003697355345
1,24,8.58105941509645
1,25,8.595960282336065
1,26,8.744690190037872
1,27,8.821752316271398
1,28,8.55567224631074
1,29,8.601303020238577
1,30,8.869626581732176
1,31,9.723022114063903
1,32,9.21693848908531
1,33,8.757838315189332
1,34,8.530657945429592
1,35,8.514603936405473
1,36,8.610665815177367
1,37,8.658000802056032
1,38,8.71888479862868
1,39,8.640690621724598
1,40,8.622573458840764
1,41,8.566313365211633
1,42,8.502045046249664
1,43,8.399877817239274
1,44,8.444319536146153
1,45,8.344522142737521
1,46,8.175927678390515
1,47,8.019051931221666
1,48,8.063693658021315
1,49,8.404980023794412
1,50,8.210174770573435
1,51,7.9495185995684
1,52,7.499428008018587
1,53,7.314958368206934
1,54,7.336060016779554
1,55,7.550015200332021
1,56,7.901782423719235
1,57,8.052408037070663
1,58,8.154718160000016
0,0,8.041923500000053
0,1,8.041923500000053
0,2,8.041923500000053
0,3,8.041923500000053
0,4,8.041923500000053
0,5,7.980399140000031
0,6,8.288020940000024
0,7,8.41448767999998
0,8,8.81781404000003
0,9,8.893010480000044
0,10,8.56146253999998
0,11,8.56146253999998
0,12,8.21282450000001
0,13,8.288020940000024
0,14,8.800723940000012
0,15,8.834904140000049
0,16,8.930608699999993
0,17,8.547790459999987
0,18,8.807559980000008
0,19,8.841740179999988
0,20,8.612732840000035
0,21,8.387143519999995
0,22,8.530700360000026
0,23,8.352963320000015
0,24,8.37688946000003
0,25,8.37688946000003
0,26,8.52386432000003
0,27,8.722109480000029
0,28,9.101509700000008
0,29,9.12885386000005
0,30,8.834904140000049
0,31,9.340771099999984
0,32,9.101509700000008
0,33,8.47601204
0,34,8.595642740000017
0,35,8.469176000000061
0,36,8.383725500000025
0,37,8.575134620000028
0,38,8.575134620000028
0,39,8.534118379999995
0,40,8.534118379999995
0,41,8.650331059999985
0,42,8.609314820000009
0,43,8.428159760000028
0,44,8.44524985999999
0,45,8.370053420000033
0,46,8.247004700000048
0,47,8.082939740000029
0,48,8.137628059999997
0,49,8.56146253999998
0,50,8.233332620000056
0,51,8.052177560000018
0,52,7.39249970000003
0,53,7.262614940000049
0,54,7.262614940000049
0,55,7.385663659999977
0,56,7.713793580000015
0,57,8.11370192000004
0,58,8.154718160000016
